{"cameraMode":{"drawMode":0,"name":"Shaded","section":"Shading Mode"},"sceneLighting":false,"audioPlay":false,"sceneViewState":{"showFog":true,"showMaterialUpdate":false,"showSkybox":false,"showFlares":true,"showImageEffects":true,"showParticleSystems":true},"in2DMode":false,"pivot":{"x":14.638646125793457,"y":6.163426399230957,"z":3.7205913066864015},"rotation":{"x":0.003288235981017351,"y":0.9915140867233276,"z":-0.1274195909500122,"w":0.02558782510459423},"size":10.0,"orthographic":false}